                  epoch,         train/box_loss,         train/cls_loss,         train/dfl_loss,   metrics/precision(B),      metrics/recall(B),       metrics/mAP50(B),    metrics/mAP50-95(B),           val/box_loss,           val/cls_loss,           val/dfl_loss,                 lr/pg0,                 lr/pg1,                 lr/pg2
                      1,                  2.308,                 3.6709,                 1.3479,                 0.0066,                   0.72,                0.35152,                0.13414,                 2.1267,                 2.9865,                 1.1254,               0.070455,              0.0032828,              0.0032828
                      2,                 2.1734,                 1.6795,                 1.1899,                0.65916,                0.46769,                0.50268,                   0.19,                 2.0518,                 1.7341,                 1.1508,               0.039145,              0.0053062,              0.0053062
                      3,                 2.0689,                 1.5023,                 1.1637,                0.60951,                0.53231,                0.52592,                0.17244,                 2.1297,                 1.3613,                 1.1963,              0.0065145,              0.0060095,              0.0060095
                      4,                 2.1107,                 1.3675,                 1.1684,                0.64801,                0.57538,                0.57282,                0.22382,                  2.055,                 1.1976,                 1.1225,                0.00406,                0.00406,                0.00406
                      5,                 2.0165,                  1.301,                 1.1529,                0.63224,                0.58462,                0.59371,                0.22389,                 2.0496,                 1.2343,                 1.1168,                0.00406,                0.00406,                0.00406
