                  epoch,         train/box_loss,         train/cls_loss,         train/dfl_loss,   metrics/precision(B),      metrics/recall(B),       metrics/mAP50(B),    metrics/mAP50-95(B),           val/box_loss,           val/cls_loss,           val/dfl_loss,                 lr/pg0,                 lr/pg1,                 lr/pg2
                      1,                  2.308,                 3.6709,                 1.3479,                 0.0066,                   0.72,                0.35152,                0.13414,                 2.1267,                 2.9865,                 1.1254,               0.070455,              0.0032828,              0.0032828
                      2,                 2.1691,                 1.7226,                 1.1914,                0.63305,                0.50769,                0.49356,                0.18027,                 2.1461,                 1.4879,                 1.1827,               0.040018,              0.0061795,              0.0061795
                      3,                 2.0999,                 1.5458,                 1.1896,                0.60275,                0.54769,                0.56355,                 0.2124,                  2.078,                 1.3242,                 1.1751,              0.0091412,              0.0086362,              0.0086362
                      4,                 2.1965,                 1.5682,                 1.1874,                 0.4184,                0.39077,                0.34077,                0.12291,                 2.2389,                 2.0288,                 1.2251,                0.00802,                0.00802,                0.00802
                      5,                 2.0735,                 1.3666,                 1.1776,                0.62476,                0.58462,                  0.544,                0.19941,                 2.1377,                 1.2702,                 1.2331,                0.00802,                0.00802,                0.00802
                      6,                 2.0786,                 1.3386,                 1.2241,                0.65911,                0.61846,                0.55972,                0.21658,                 2.0239,                 1.2475,                 1.1635,                0.00736,                0.00736,                0.00736
