                  epoch,         train/box_loss,         train/cls_loss,         train/dfl_loss,   metrics/precision(B),      metrics/recall(B),       metrics/mAP50(B),    metrics/mAP50-95(B),           val/box_loss,           val/cls_loss,           val/dfl_loss,                 lr/pg0,                 lr/pg1,                 lr/pg2
                      1,                 2.4078,                 2.4464,                 1.4677,                0.01327,                0.00923,                0.00344,                0.00202,                 3.4492,                  5.627,                 4.7076,               0.070455,              0.0032828,              0.0032828
                      2,                 2.3541,                 1.4034,                 1.4098,                 0.0924,                0.18462,                0.04744,                0.01629,                 2.6171,                 3.1568,                 1.7054,               0.039145,              0.0053062,              0.0053062
                      3,                 2.2567,                 1.3263,                 1.3735,                0.39015,                0.47077,                0.34409,                0.11704,                 2.2101,                 2.7907,                 1.2977,              0.0065145,              0.0060095,              0.0060095
                      4,                 2.2378,                 1.2631,                 1.3242,                0.48745,                0.46462,                0.42735,                0.17466,                 2.0711,                 1.4852,                 1.2709,                0.00406,                0.00406,                0.00406
                      5,                 2.1385,                   1.25,                 1.3047,                0.68382,                0.57896,                0.56555,                0.19728,                 2.2211,                 1.1932,                 1.3214,                0.00406,                0.00406,                0.00406
