                  epoch,         train/box_loss,         train/cls_loss,         train/dfl_loss,   metrics/precision(B),      metrics/recall(B),       metrics/mAP50(B),    metrics/mAP50-95(B),           val/box_loss,           val/cls_loss,           val/dfl_loss,                 lr/pg0,                 lr/pg1,                 lr/pg2
                      1,                 2.5661,                 5.0405,                  1.501,                0.00176,                    0.2,                0.00114,                0.00048,                 2.0735,                 4.3724,                 1.1689,                 0.0675,             0.00032828,             0.00032828
                      2,                 2.2424,                 3.5626,                 1.3183,                0.47762,                0.30769,                0.30275,                 0.1002,                 2.1574,                 2.8095,                 1.2648,               0.034369,             0.00053062,             0.00053062
                      3,                 2.1441,                 2.3054,                 1.2861,                0.57109,                0.48923,                0.45293,                0.17213,                 2.1207,                 1.7876,                 1.2408,               0.001106,             0.00060095,             0.00060095
                      4,                 2.1439,                 1.9348,                 1.2589,                0.61066,                0.51692,                0.50547,                 0.1904,                 2.0374,                 1.6358,                    1.2,               0.000406,               0.000406,               0.000406
                      5,                 2.0188,                 1.7183,                 1.2231,                0.63826,                 0.6189,                 0.5586,                0.22054,                 2.0075,                 1.4544,                  1.161,               0.000406,               0.000406,               0.000406
